[
    {
        "stimulus_name": "pilot_it2_rollingSliding_simple_ledge_box_0000",
        "controller_name": "RollingSliding",
        "git_commit": "",
        "num_frames": 240,
        "is_trial_valid": true,
        "does_target_move": true,
        "does_target_contact_zone": false,
        "does_target_miss_zone": true,
        "does_target_hit_ground": true,
        "first_target_move_frame": 1,
        "first_target_contact_zone_frame": null,
        "first_target_hit_ground_frame": 2,
        "final_target_displacement": {
            "x": 11.565,
            "y": -1.014,
            "z": -4.073
        },
        "room": "b'tdw'",
        "trial_seed": 694000,
        "sim_seed": 1,
        "push_time": 1,
        "num_distractors": 0,
        "num_occluders": 0
    },
    {
        "stimulus_name": "pilot_it2_rollingSliding_simple_ledge_box_0001",
        "controller_name": "RollingSliding",
        "git_commit": "",
        "num_frames": 251,
        "is_trial_valid": false,
        "does_target_move": true,
        "does_target_contact_zone": false,
        "does_target_miss_zone": true,
        "does_target_hit_ground": true,
        "first_target_move_frame": 1,
        "first_target_contact_zone_frame": null,
        "first_target_hit_ground_frame": 2,
        "final_target_displacement": {
            "x": 6.799,
            "y": 0.409,
            "z": 2.64
        },
        "room": "b'tdw'",
        "trial_seed": 694001,
        "sim_seed": 1,
        "push_time": 1,
        "num_distractors": 0,
        "num_occluders": 0
    },
    {
        "stimulus_name": "pilot_it2_rollingSliding_simple_ledge_box_0002",
        "controller_name": "RollingSliding",
        "git_commit": "",
        "num_frames": 251,
        "is_trial_valid": false,
        "does_target_move": true,
        "does_target_contact_zone": false,
        "does_target_miss_zone": true,
        "does_target_hit_ground": true,
        "first_target_move_frame": 1,
        "first_target_contact_zone_frame": null,
        "first_target_hit_ground_frame": 1,
        "final_target_displacement": {
            "x": 7.712,
            "y": 0.782,
            "z": -1.903
        },
        "room": "b'tdw'",
        "trial_seed": 694002,
        "sim_seed": 1,
        "push_time": 1,
        "num_distractors": 0,
        "num_occluders": 0
    },
    {
        "stimulus_name": "pilot_it2_rollingSliding_simple_ledge_box_0003",
        "controller_name": "RollingSliding",
        "git_commit": "",
        "num_frames": 251,
        "is_trial_valid": false,
        "does_target_move": true,
        "does_target_contact_zone": false,
        "does_target_miss_zone": true,
        "does_target_hit_ground": true,
        "first_target_move_frame": 1,
        "first_target_contact_zone_frame": null,
        "first_target_hit_ground_frame": 2,
        "final_target_displacement": {
            "x": 11.293,
            "y": -0.556,
            "z": 2.978
        },
        "room": "b'tdw'",
        "trial_seed": 694003,
        "sim_seed": 1,
        "push_time": 1,
        "num_distractors": 0,
        "num_occluders": 0
    },
    {
        "stimulus_name": "pilot_it2_rollingSliding_simple_ledge_box_0004",
        "controller_name": "RollingSliding",
        "git_commit": "",
        "num_frames": 251,
        "is_trial_valid": false,
        "does_target_move": true,
        "does_target_contact_zone": false,
        "does_target_miss_zone": true,
        "does_target_hit_ground": true,
        "first_target_move_frame": 1,
        "first_target_contact_zone_frame": null,
        "first_target_hit_ground_frame": 1,
        "final_target_displacement": {
            "x": 10.237,
            "y": 0.581,
            "z": 1.377
        },
        "room": "b'tdw'",
        "trial_seed": 694004,
        "sim_seed": 1,
        "push_time": 1,
        "num_distractors": 0,
        "num_occluders": 0
    },
    {
        "stimulus_name": "pilot_it2_rollingSliding_simple_ledge_box_0005",
        "controller_name": "RollingSliding",
        "git_commit": "",
        "num_frames": 251,
        "is_trial_valid": false,
        "does_target_move": true,
        "does_target_contact_zone": false,
        "does_target_miss_zone": true,
        "does_target_hit_ground": false,
        "first_target_move_frame": 1,
        "first_target_contact_zone_frame": null,
        "first_target_hit_ground_frame": null,
        "final_target_displacement": {
            "x": 8.975,
            "y": 0.602,
            "z": -1.857
        },
        "room": "b'tdw'",
        "trial_seed": 694005,
        "sim_seed": 1,
        "push_time": 1,
        "num_distractors": 0,
        "num_occluders": 0
    },
    {
        "stimulus_name": "pilot_it2_rollingSliding_simple_ledge_box_0006",
        "controller_name": "RollingSliding",
        "git_commit": "",
        "num_frames": 251,
        "is_trial_valid": false,
        "does_target_move": true,
        "does_target_contact_zone": false,
        "does_target_miss_zone": true,
        "does_target_hit_ground": true,
        "first_target_move_frame": 1,
        "first_target_contact_zone_frame": null,
        "first_target_hit_ground_frame": 2,
        "final_target_displacement": {
            "x": 9.426,
            "y": -0.473,
            "z": 3.127
        },
        "room": "b'tdw'",
        "trial_seed": 694006,
        "sim_seed": 1,
        "push_time": 1,
        "num_distractors": 0,
        "num_occluders": 0
    },
    {
        "stimulus_name": "pilot_it2_rollingSliding_simple_ledge_box_0007",
        "controller_name": "RollingSliding",
        "git_commit": "",
        "num_frames": 251,
        "is_trial_valid": false,
        "does_target_move": true,
        "does_target_contact_zone": false,
        "does_target_miss_zone": true,
        "does_target_hit_ground": true,
        "first_target_move_frame": 1,
        "first_target_contact_zone_frame": null,
        "first_target_hit_ground_frame": 2,
        "final_target_displacement": {
            "x": 7.18,
            "y": 0.573,
            "z": 0.885
        },
        "room": "b'tdw'",
        "trial_seed": 694007,
        "sim_seed": 1,
        "push_time": 1,
        "num_distractors": 0,
        "num_occluders": 0
    },
    {
        "stimulus_name": "pilot_it2_rollingSliding_simple_ledge_box_0008",
        "controller_name": "RollingSliding",
        "git_commit": "",
        "num_frames": 251,
        "is_trial_valid": false,
        "does_target_move": true,
        "does_target_contact_zone": false,
        "does_target_miss_zone": true,
        "does_target_hit_ground": true,
        "first_target_move_frame": 1,
        "first_target_contact_zone_frame": null,
        "first_target_hit_ground_frame": 2,
        "final_target_displacement": {
            "x": 8.192,
            "y": 0.5,
            "z": -2.09
        },
        "room": "b'tdw'",
        "trial_seed": 694008,
        "sim_seed": 1,
        "push_time": 1,
        "num_distractors": 0,
        "num_occluders": 0
    },
    {
        "stimulus_name": "pilot_it2_rollingSliding_simple_ledge_box_0009",
        "controller_name": "RollingSliding",
        "git_commit": "",
        "num_frames": 251,
        "is_trial_valid": false,
        "does_target_move": true,
        "does_target_contact_zone": false,
        "does_target_miss_zone": true,
        "does_target_hit_ground": true,
        "first_target_move_frame": 1,
        "first_target_contact_zone_frame": null,
        "first_target_hit_ground_frame": 2,
        "final_target_displacement": {
            "x": 11.504,
            "y": 0.59,
            "z": -0.129
        },
        "room": "b'tdw'",
        "trial_seed": 694009,
        "sim_seed": 1,
        "push_time": 1,
        "num_distractors": 0,
        "num_occluders": 0
    },
    {
        "stimulus_name": "pilot_it2_rollingSliding_simple_ledge_box_0010",
        "controller_name": "RollingSliding",
        "git_commit": "",
        "num_frames": 251,
        "is_trial_valid": false,
        "does_target_move": true,
        "does_target_contact_zone": false,
        "does_target_miss_zone": true,
        "does_target_hit_ground": true,
        "first_target_move_frame": 1,
        "first_target_contact_zone_frame": null,
        "first_target_hit_ground_frame": 2,
        "final_target_displacement": {
            "x": 8.045,
            "y": 0.45,
            "z": -2.577
        },
        "room": "b'tdw'",
        "trial_seed": 694010,
        "sim_seed": 1,
        "push_time": 1,
        "num_distractors": 0,
        "num_occluders": 0
    },
    {
        "stimulus_name": "pilot_it2_rollingSliding_simple_ledge_box_0011",
        "controller_name": "RollingSliding",
        "git_commit": "",
        "num_frames": 251,
        "is_trial_valid": false,
        "does_target_move": true,
        "does_target_contact_zone": false,
        "does_target_miss_zone": true,
        "does_target_hit_ground": true,
        "first_target_move_frame": 1,
        "first_target_contact_zone_frame": null,
        "first_target_hit_ground_frame": 2,
        "final_target_displacement": {
            "x": 11.872,
            "y": -0.186,
            "z": 3.198
        },
        "room": "b'tdw'",
        "trial_seed": 694011,
        "sim_seed": 1,
        "push_time": 1,
        "num_distractors": 0,
        "num_occluders": 0
    },
    {
        "stimulus_name": "pilot_it2_rollingSliding_simple_ledge_box_0012",
        "controller_name": "RollingSliding",
        "git_commit": "",
        "num_frames": 238,
        "is_trial_valid": true,
        "does_target_move": true,
        "does_target_contact_zone": true,
        "does_target_miss_zone": false,
        "does_target_hit_ground": true,
        "first_target_move_frame": 1,
        "first_target_contact_zone_frame": 59,
        "first_target_hit_ground_frame": 2,
        "final_target_displacement": {
            "x": 12.07,
            "y": -1.029,
            "z": -2.296
        },
        "room": "b'tdw'",
        "trial_seed": 694012,
        "sim_seed": 1,
        "push_time": 1,
        "num_distractors": 0,
        "num_occluders": 0
    },
    {
        "stimulus_name": "pilot_it2_rollingSliding_simple_ledge_box_0013",
        "controller_name": "RollingSliding",
        "git_commit": "",
        "num_frames": 251,
        "is_trial_valid": false,
        "does_target_move": true,
        "does_target_contact_zone": false,
        "does_target_miss_zone": true,
        "does_target_hit_ground": true,
        "first_target_move_frame": 1,
        "first_target_contact_zone_frame": null,
        "first_target_hit_ground_frame": 2,
        "final_target_displacement": {
            "x": 10.667,
            "y": -0.509,
            "z": 3.059
        },
        "room": "b'tdw'",
        "trial_seed": 694013,
        "sim_seed": 1,
        "push_time": 1,
        "num_distractors": 0,
        "num_occluders": 0
    },
    {
        "stimulus_name": "pilot_it2_rollingSliding_simple_ledge_box_0014",
        "controller_name": "RollingSliding",
        "git_commit": "",
        "num_frames": 251,
        "is_trial_valid": false,
        "does_target_move": true,
        "does_target_contact_zone": false,
        "does_target_miss_zone": true,
        "does_target_hit_ground": true,
        "first_target_move_frame": 1,
        "first_target_contact_zone_frame": null,
        "first_target_hit_ground_frame": 2,
        "final_target_displacement": {
            "x": 9.886,
            "y": -0.763,
            "z": 1.879
        },
        "room": "b'tdw'",
        "trial_seed": 694014,
        "sim_seed": 1,
        "push_time": 1,
        "num_distractors": 0,
        "num_occluders": 0
    },
    {
        "stimulus_name": "pilot_it2_rollingSliding_simple_ledge_box_0015",
        "controller_name": "RollingSliding",
        "git_commit": "",
        "num_frames": 251,
        "is_trial_valid": false,
        "does_target_move": true,
        "does_target_contact_zone": false,
        "does_target_miss_zone": true,
        "does_target_hit_ground": true,
        "first_target_move_frame": 1,
        "first_target_contact_zone_frame": null,
        "first_target_hit_ground_frame": 2,
        "final_target_displacement": {
            "x": 8.948,
            "y": -0.478,
            "z": 2.847
        },
        "room": "b'tdw'",
        "trial_seed": 694015,
        "sim_seed": 1,
        "push_time": 1,
        "num_distractors": 0,
        "num_occluders": 0
    },
    {
        "stimulus_name": "pilot_it2_rollingSliding_simple_ledge_box_0016",
        "controller_name": "RollingSliding",
        "git_commit": "",
        "num_frames": 239,
        "is_trial_valid": true,
        "does_target_move": true,
        "does_target_contact_zone": true,
        "does_target_miss_zone": false,
        "does_target_hit_ground": true,
        "first_target_move_frame": 1,
        "first_target_contact_zone_frame": 55,
        "first_target_hit_ground_frame": 2,
        "final_target_displacement": {
            "x": 12.474,
            "y": -1.029,
            "z": -2.703
        },
        "room": "b'tdw'",
        "trial_seed": 694016,
        "sim_seed": 1,
        "push_time": 1,
        "num_distractors": 0,
        "num_occluders": 0
    },
    {
        "stimulus_name": "pilot_it2_rollingSliding_simple_ledge_box_0017",
        "controller_name": "RollingSliding",
        "git_commit": "",
        "num_frames": 251,
        "is_trial_valid": false,
        "does_target_move": true,
        "does_target_contact_zone": false,
        "does_target_miss_zone": true,
        "does_target_hit_ground": true,
        "first_target_move_frame": 1,
        "first_target_contact_zone_frame": null,
        "first_target_hit_ground_frame": 2,
        "final_target_displacement": {
            "x": 9.837,
            "y": 0.587,
            "z": 0.686
        },
        "room": "b'tdw'",
        "trial_seed": 694017,
        "sim_seed": 1,
        "push_time": 1,
        "num_distractors": 0,
        "num_occluders": 0
    },
    {
        "stimulus_name": "pilot_it2_rollingSliding_simple_ledge_box_0018",
        "controller_name": "RollingSliding",
        "git_commit": "",
        "num_frames": 251,
        "is_trial_valid": false,
        "does_target_move": true,
        "does_target_contact_zone": false,
        "does_target_miss_zone": true,
        "does_target_hit_ground": true,
        "first_target_move_frame": 1,
        "first_target_contact_zone_frame": null,
        "first_target_hit_ground_frame": 2,
        "final_target_displacement": {
            "x": 7.281,
            "y": 0.588,
            "z": -0.152
        },
        "room": "b'tdw'",
        "trial_seed": 694018,
        "sim_seed": 1,
        "push_time": 1,
        "num_distractors": 0,
        "num_occluders": 0
    },
    {
        "stimulus_name": "pilot_it2_rollingSliding_simple_ledge_box_0019",
        "controller_name": "RollingSliding",
        "git_commit": "",
        "num_frames": 251,
        "is_trial_valid": false,
        "does_target_move": true,
        "does_target_contact_zone": false,
        "does_target_miss_zone": true,
        "does_target_hit_ground": true,
        "first_target_move_frame": 1,
        "first_target_contact_zone_frame": null,
        "first_target_hit_ground_frame": 2,
        "final_target_displacement": {
            "x": 9.454,
            "y": 0.011,
            "z": -0.99
        },
        "room": "b'tdw'",
        "trial_seed": 694019,
        "sim_seed": 1,
        "push_time": 1,
        "num_distractors": 0,
        "num_occluders": 0
    }
]